insert into INMOBILIARIA (id, nombre, email, telefono) values (NEXTVAL('hibernate_sequence'), 'Senger, Satterfield and Krajcik', 'pdangl0@wsj.com', '617-940-1364');
insert into INMOBILIARIA (id, nombre, email, telefono) values (NEXTVAL('hibernate_sequence'), 'Homenick LLC', 'sinde1@plala.or.jp', '327-465-6976');
insert into INMOBILIARIA (id,nombre, email, telefono) values (NEXTVAL('hibernate_sequence'), 'Denesik, Koch and Cassin', 'gbrailey2@senate.gov', '798-528-6921');
insert into INMOBILIARIA (id, nombre, email, telefono) values (NEXTVAL('hibernate_sequence'), 'Mosciski-Volkman', 'cdomenici3@feedburner.com', '222-440-9350');
insert into INMOBILIARIA (id, nombre, email, telefono) values (NEXTVAL('hibernate_sequence'), 'Boehm Inc', 'awinchurst3@bing.com', '510-109-9616');

insert into USERS (id, NOMBRE, apellidos, direccion, email, telefono, avatar, password, rol) values ('c9c47aa0-4df2-11ec-81d3-0242ac130003', 'Sonia', 'González', '2 Myrtle Road', 'cdownage0@soup.io', '861-959-0614', '/assets/img/propietarios/1.png','1234','ADMIN');
insert into PROPIETARIO (id, NOMBRE, apellidos, direccion, email, telefono, avatar) values (NEXTVAL('hibernate_sequence'), 'María del Carmen', 'Gómez', '12 Shopko Court', 'wwalcher9@zimbio.com', '650-842-2679', '/assets/img/propietarios/1.png');

insert into VIVIENDA (id, titulo, descripcion, avatar, latlng, direccion, poblacion, provincia, CODIGO_POSTAL, NUM_HABITACIONES, NUM_BANIOS, precio, METROS_CUADRADOS, TIPO_VIVIENDA, TIENE_PISCINA, TIENE_GARAJE, TIENE_ASCENSOR, PROPIETARIO_ID, INMOBILIARIA_ID) values (NEXTVAL('hibernate_sequence'), 'Casa Independiente', 'Una casa envidiable y exclusiva, equipada con lo último en tecnología moderna y comodidades', '/assets/img/viviendas/2.jpg', 42.2390986, '6417 Ilene Court', 'Galicia', 'Madrid', '597', 2, 1, 1660882.0, 195.65, 'OBRA_NUEVA', false, true, false, 6, 1);
insert into VIVIENDA (id, titulo, descripcion, avatar, latlng, direccion, poblacion, provincia, CODIGO_POSTAL, NUM_HABITACIONES, NUM_BANIOS, precio, METROS_CUADRADOS, TIPO_VIVIENDA, TIENE_PISCINA, TIENE_GARAJE, TIENE_ASCENSOR, PROPIETARIO_ID, INMOBILIARIA_ID) values (NEXTVAL('hibernate_sequence'), 'Chalet adosado', 'Una casa de lujo junto al Mediterráneo donde encontrará el estilo de vida que se merece', '/assets/img/viviendas/1.jpg', 40.4869744, '79 Memorial Alley', 'Madrid', 'Baleares', '85791', true, 2, 3777658.92, 21.69, 'VENTA', true, true, true, 7, 1);
insert into VIVIENDA (id, titulo, descripcion, avatar, latlng, direccion, poblacion, provincia, CODIGO_POSTAL, NUM_HABITACIONES, NUM_BANIOS, precio, METROS_CUADRADOS, TIPO_VIVIENDA, TIENE_PISCINA, TIENE_GARAJE, TIENE_ASCENSOR, PROPIETARIO_ID, INMOBILIARIA_ID) values (NEXTVAL('hibernate_sequence'), 'Casa Gloria', 'Esta casa de dos plantas cuenta con una perspectiva relajante desde todas las habitaciones', '/assets/img/viviendas/3.jpg', 28.0990178, '888 Hudson Trail', 'Canarias', 'Castilla - Leon', '485', 3, 3, 3718898.62, 50.64, 'ALQUILER', true, true, true, 8, 1);
insert into VIVIENDA (id, titulo, descripcion, avatar, latlng, direccion, poblacion, provincia, CODIGO_POSTAL, NUM_HABITACIONES, NUM_BANIOS, precio, METROS_CUADRADOS, TIPO_VIVIENDA, TIENE_PISCINA, TIENE_GARAJE, TIENE_ASCENSOR, PROPIETARIO_ID, INMOBILIARIA_ID) values (NEXTVAL('hibernate_sequence'), 'Casa Rosaleda', 'Una casa única con un diseño moderno, enclavado en un entorno apacible de naturaleza', '/assets/img/viviendas/7.jpg', 43.4598651, '06512 Kensington Park', 'Barcelona', 'Barcelona', '9', 1, 4, 7743636.0, 290.26, 'VENTA', true, false, false, 9, 1);
insert into VIVIENDA (id, titulo, descripcion, avatar, latlng, direccion, poblacion, provincia, CODIGO_POSTAL, NUM_HABITACIONES, NUM_BANIOS, precio, METROS_CUADRADOS, TIPO_VIVIENDA, TIENE_PISCINA, TIENE_GARAJE, TIENE_ASCENSOR, PROPIETARIO_ID, INMOBILIARIA_ID) values (NEXTVAL('hibernate_sequence'), 'Casa Independiente', 'Una casa envidiable y exclusiva, equipada con lo último en tecnología moderna y comodidades', '/assets/img/viviendas/4.jpg', 40.3954764, '30 Schurz Drive', 'Madrid', 'Madrid', '6', 2, 5, 8074813.66, 273.89, 'OBRA_NUEVA', true, false, false, 10, 2);
insert into VIVIENDA (id, titulo, descripcion, avatar, latlng, direccion, poblacion, provincia, CODIGO_POSTAL, NUM_HABITACIONES, NUM_BANIOS, precio, METROS_CUADRADOS, TIPO_VIVIENDA, TIENE_PISCINA, TIENE_GARAJE, TIENE_ASCENSOR, PROPIETARIO_ID, INMOBILIARIA_ID) values (NEXTVAL('hibernate_sequence'), 'Chalet adosado', 'Una casa de lujo junto al Mediterráneo donde encontrará el estilo de vida que se merece', '/assets/img/viviendas/5.jpg', 40.500471, '6346 Basil Avenue', 'Lugo', 'Lugo', '559', 4, 6, 9882099.0, 28.4, 'OBRA_NUEVA', false, true, false, 11, 2);
insert into VIVIENDA (id, titulo, descripcion, avatar, latlng, direccion, poblacion, provincia, CODIGO_POSTAL, NUM_HABITACIONES, NUM_BANIOS, precio, METROS_CUADRADOS, TIPO_VIVIENDA, TIENE_PISCINA, TIENE_GARAJE, TIENE_ASCENSOR, PROPIETARIO_ID, INMOBILIARIA_ID) values (NEXTVAL('hibernate_sequence'), 'Piso Marqués', 'Una casa encantadora, situada en un tranquilo vecindario residencial y un entorno con mucha vida', '/assets/img/viviendas/1.jpg', 40.3319506, '75 Heffernan Place', 'Madrid', 'Madrid', '00', 1, 1, 6725157.14, 181.2, 'OBRA_NUEVA', false, true, false, 12, 2);
insert into VIVIENDA (id, titulo, descripcion, avatar, latlng, direccion, poblacion, provincia, CODIGO_POSTAL, NUM_HABITACIONES, NUM_BANIOS, precio, METROS_CUADRADOS, TIPO_VIVIENDA, TIENE_PISCINA, TIENE_GARAJE, TIENE_ASCENSOR, PROPIETARIO_ID, INMOBILIARIA_ID) values (NEXTVAL('hibernate_sequence'), 'Casa Felipe II', 'Una casa de lujo, fresca y funcional. Una Fusión Fresca de Arquitectura Moderna y Lujo', '/assets/img/viviendas/12.jpg', 42.4556093, '29 Walton Pass', 'Santander', 'Cantabria', '6', 4, 8, 7758253.4, 159.14, 'OBRA_NUEVA', true, true, true, 12, 2);
insert into VIVIENDA (id, titulo, descripcion, avatar, latlng, direccion, poblacion, provincia, CODIGO_POSTAL, NUM_HABITACIONES, NUM_BANIOS, precio, METROS_CUADRADOS, TIPO_VIVIENDA, TIENE_PISCINA, TIENE_GARAJE, TIENE_ASCENSOR, PROPIETARIO_ID, INMOBILIARIA_ID) values (NEXTVAL('hibernate_sequence'), 'Piso San José', 'Piso con un diseño moderno, situado en una tranquila zona residencial ideal para familias', '/assets/img/viviendas/8.jpg', 28.00872, '0 Di Loreto Avenue', 'La Gomera', 'La Gomera', '059', 2, 3, 9293588.0, 200.69, 'ALQUILER', false, false, true, 13, 3);
insert into VIVIENDA (id, titulo, descripcion, avatar, latlng, direccion, poblacion, provincia, CODIGO_POSTAL, NUM_HABITACIONES, NUM_BANIOS, precio, METROS_CUADRADOS, TIPO_VIVIENDA, TIENE_PISCINA, TIENE_GARAJE, TIENE_ASCENSOR, PROPIETARIO_ID, INMOBILIARIA_ID) values (NEXTVAL('hibernate_sequence'), 'Dúplex', 'Piso de dos plantas, envidiable y exclusivo,  con impresionantes vistas panorámicas', '/assets/img/viviendas/9.jpg', 42.214405, '7739 Old Shore Terrace', 'Santander', 'Cantabria', '552', 2, 3, 4152434.29, 152.83, 'ALQUILER', false, false, false, 13, 3);
insert into VIVIENDA (id, titulo, descripcion, avatar, latlng, direccion, poblacion, provincia, CODIGO_POSTAL, NUM_HABITACIONES, NUM_BANIOS, precio, METROS_CUADRADOS, TIPO_VIVIENDA, TIENE_PISCINA, TIENE_GARAJE, TIENE_ASCENSOR, PROPIETARIO_ID, INMOBILIARIA_ID) values (NEXTVAL('hibernate_sequence'), 'Piso Sonia', 'Piso con un diseño moderno, situado en una tranquila zona residencial ideal para familias', '/assets/img/viviendas/16.jpg', 38.994349, '1 8th Point', 'Albacete', 'Albacete', '8', 2, 3, 8430669.0, 87.14, 'OBRA_NUEVA', true, false, true, 14, 4);
insert into VIVIENDA (id, titulo, descripcion, avatar, latlng, direccion, poblacion, provincia, CODIGO_POSTAL, NUM_HABITACIONES, NUM_BANIOS, precio, METROS_CUADRADOS, TIPO_VIVIENDA, TIENE_PISCINA, TIENE_GARAJE, TIENE_ASCENSOR, PROPIETARIO_ID, INMOBILIARIA_ID) values (NEXTVAL('hibernate_sequence'), 'Piso Parlamento', 'Piso situado en una tranquila zona residencial ideal para familias. Lo Mejor en Calidad y Estilo de Vida.', '/assets/img/viviendas/10.jpg', 41.3641068, '14874 Maple Wood Road', 'Barcelona', 'Barcelona', '485', 2, 3, 8795309.0, 50.55, 'ALQUILER', false, true, true, 14, 4);
insert into VIVIENDA (id, titulo, descripcion, avatar, latlng, direccion, poblacion, provincia, CODIGO_POSTAL, NUM_HABITACIONES, NUM_BANIOS, precio, METROS_CUADRADOS, TIPO_VIVIENDA, TIENE_PISCINA, TIENE_GARAJE, TIENE_ASCENSOR, PROPIETARIO_ID, INMOBILIARIA_ID) values (NEXTVAL('hibernate_sequence'), 'Piso Dúplex', 'Piso de dos plantas, envidiable y exclusivo,  con impresionantes vistas panorámicas', '/assets/img/viviendas/11.jpg', 41.5120612, '15517 Washington Street', 'Madrid', 'Madrid', '212', 2, 4, 1999331.34, 22.64, 'ALQUILER', false, false, false, 15, 2);
insert into VIVIENDA (id, titulo, descripcion, avatar, latlng, direccion, poblacion, provincia, CODIGO_POSTAL, NUM_HABITACIONES, NUM_BANIOS, precio, METROS_CUADRADOS, TIPO_VIVIENDA, TIENE_PISCINA, TIENE_GARAJE, TIENE_ASCENSOR, PROPIETARIO_ID, INMOBILIARIA_ID) values (NEXTVAL('hibernate_sequence'), 'Casa María', ' Una maravillosa casa familiar, con una zona de recreo en la ladera y espectaculares vistas', '/assets/img/viviendas/13.jpg', 41.5044882, '8853 Menomonie Plaza', 'Burgos', 'Burgos', '9131', 1, 3, 2365491.7, 111.51, 'OBRA_NUEVA', true, false, true, 6, 3);
insert into VIVIENDA (id, titulo, descripcion, avatar, latlng, direccion, poblacion, provincia, CODIGO_POSTAL, NUM_HABITACIONES, NUM_BANIOS, precio, METROS_CUADRADOS, TIPO_VIVIENDA, TIENE_PISCINA, TIENE_GARAJE, TIENE_ASCENSOR, PROPIETARIO_ID, INMOBILIARIA_ID) values (NEXTVAL('hibernate_sequence'), 'Piso Parlamento', 'Piso situado en una tranquila zona residencial ideal para familias. Lo Mejor en Calidad y Estilo de Vida.', '/assets/img/viviendas/15.jpg', 41.3730301, '1 Shasta Hill', 'Sevilla', 'Sevilla', '95567', 1, 1, 4016211.0, 128.35, 'ALQUILER', true, false, false, 7, 4);
insert into VIVIENDA (id, titulo, descripcion, avatar, latlng, direccion, poblacion, provincia, CODIGO_POSTAL, NUM_HABITACIONES, NUM_BANIOS, precio, METROS_CUADRADOS, TIPO_VIVIENDA, TIENE_PISCINA, TIENE_GARAJE, TIENE_ASCENSOR, PROPIETARIO_ID, INMOBILIARIA_ID) values (NEXTVAL('hibernate_sequence'), 'Casa Felipe IV', 'Una casa de lujo, fresca y funcional. Una Fusión Fresca de Arquitectura Moderna y Lujo', '/assets/img/viviendas/6.jpg', 41.6465777, '08137 Tennessee Hill', 'Puerto de Santa María', 'Cádiz', '2', 3, 6, 5668932.0, 190.1, 'ALQUILER', false, false, true, 6, 1);
insert into VIVIENDA (id, titulo, descripcion, avatar, latlng, direccion, poblacion, provincia, CODIGO_POSTAL, NUM_HABITACIONES, NUM_BANIOS, precio, METROS_CUADRADOS, TIPO_VIVIENDA, TIENE_PISCINA, TIENE_GARAJE, TIENE_ASCENSOR, PROPIETARIO_ID, INMOBILIARIA_ID) values (NEXTVAL('hibernate_sequence'), 'Piso Marqués', 'Piso con un diseño moderno, con amplias vistas y grandes ventanales que filtran luz que entra en la zona', '/assets/img/viviendas/17.jpg', 41.4378689, '37157 Continental Place', 'Almuñécar', 'Granada', '44742', 3, 5, 4691124.0, 270.35, 'ALQUILER', false, false, true, 6, 5);
insert into VIVIENDA (id, titulo, descripcion, avatar, latlng, direccion, poblacion, provincia, CODIGO_POSTAL, NUM_HABITACIONES, NUM_BANIOS, precio, METROS_CUADRADOS, TIPO_VIVIENDA, TIENE_PISCINA, TIENE_GARAJE, TIENE_ASCENSOR, PROPIETARIO_ID, INMOBILIARIA_ID) values (NEXTVAL('hibernate_sequence'), 'Piso San José', 'Piso con un diseño moderno, situado en una tranquila zona residencial ideal para familias', '/assets/img/viviendas/18.jpg', 41.5044882, '28 Nova Terrace', 'Sevilla', 'Sevilla', '259', 2, 3, 4117272.02, 124.8, 'VENTA', false, true, true, 8, 1);
insert into VIVIENDA (id, titulo, descripcion, avatar, latlng, direccion, poblacion, provincia, CODIGO_POSTAL, NUM_HABITACIONES, NUM_BANIOS, precio, METROS_CUADRADOS, TIPO_VIVIENDA, TIENE_PISCINA, TIENE_GARAJE, TIENE_ASCENSOR, PROPIETARIO_ID, INMOBILIARIA_ID) values (NEXTVAL('hibernate_sequence'), 'Piso San Martín', 'Piso con un diseño moderno, con amplias vistas y grandes ventanales que filtran luz que entra en la zona', '/assets/img/viviendas/19.jpg', 38.994349, '58126 Sheridan Point', 'Úbeda', 'Jaén', '1', 1, 3, 705475.21, 101.38, 'VENTA', true, false, false, 9, 5);
insert into VIVIENDA (id, titulo, descripcion, avatar, latlng, direccion, poblacion, provincia, CODIGO_POSTAL, NUM_HABITACIONES, NUM_BANIOS, precio, METROS_CUADRADOS, TIPO_VIVIENDA, TIENE_PISCINA, TIENE_GARAJE, TIENE_ASCENSOR, PROPIETARIO_ID, INMOBILIARIA_ID) values (NEXTVAL('hibernate_sequence'), 'Casa Felipe III', 'Una casa de lujo, fresca y funcional. Una Fusión Fresca de Arquitectura Moderna y Lujo', '/assets/img/viviendas/20.jpg', 41.6704519, '821 Porter Plaza', 'Madrid', 'Madrid', '4', 5, 20, 5179106.0, 57.61, 'VENTA', true, true, true, 10, 5);

insert into INTERESADO (id, nombre, apellidos, direccion, email, telefono, avatar) values (1, 'Rozalie', 'Aers', '4850 Porter Avenue', 'raers0@hexun.com', '946 587 3847', 'https://robohash.org/pariaturquaeratrerum.png?size=200x200&set=set1');
insert into INTERESADO (id, nombre, apellidos, direccion, email, telefono, avatar) values (2, 'Dyan', 'Ajean', '2 Granby Trail', 'dajean1@samsung.com', '620 962 1615', 'https://robohash.org/quasirepellenduset.png?size=200x200&set=set1');
insert into INTERESADO (id, nombre, apellidos, direccion, email, telefono, avatar) values (3, 'Saundra', 'Gierck', '1101 Fuller Drive', 'sgierck2@wikimedia.org', '419 549 7758', 'https://robohash.org/autnisipariatur.png?size=200x200&set=set1');
insert into INTERESADO (id, nombre, apellidos, direccion, email, telefono, avatar) values (4, 'Matilde', 'MacDougall', '80 Mesta Alley', 'mmacdougall3@tmall.com', '952 514 9183', 'https://robohash.org/rerumiustoautem.png?size=200x200&set=set1');
insert into INTERESADO (id, nombre, apellidos, direccion, email, telefono, avatar) values (5, 'Tatiana', 'Kepe', '90618 Vahlen Hill', 'tkepe4@amazon.de', '196 104 7997', 'https://robohash.org/doloresminuscorrupti.png?size=200x200&set=set1');
insert into INTERESADO (id, nombre, apellidos, direccion, email, telefono, avatar) values (6, 'Isahella', 'Crosskell', '69 Lawn Road', 'icrosskell5@wsj.com', '489 538 3865', 'https://robohash.org/minimaetvoluptatum.png?size=200x200&set=set1');
insert into INTERESADO (id, nombre, apellidos, direccion, email, telefono, avatar) values (7, 'Ase', 'Cavnor', '69840 Sauthoff Trail', 'acavnor6@twitpic.com', '742 374 6912', 'https://robohash.org/rerumperferendisipsam.png?size=200x200&set=set1');
insert into INTERESADO (id, nombre, apellidos, direccion, email, telefono, avatar) values (8, 'Marvin', 'Oakenfield', '103 Golf Course Way', 'moakenfield7@bigcartel.com', '320 687 9511', 'https://robohash.org/etlaborumtempore.png?size=200x200&set=set1');
insert into INTERESADO (id, nombre, apellidos, direccion, email, telefono, avatar) values (9, 'Heida', 'Roser', '44330 Corben Junction', 'hroser8@bbb.org', '610 415 2235', 'https://robohash.org/repellataliquamest.png?size=200x200&set=set1');
insert into INTERESADO (id, nombre, apellidos, direccion, email, telefono, avatar) values (10, 'Yulma', 'Staden', '0 Anderson Point', 'ystaden9@myspace.com', '517 105 8585', 'https://robohash.org/sedeaqueneque.png?size=200x200&set=set1');
insert into INTERESADO (id, nombre, apellidos, direccion, email, telefono, avatar) values (11, 'Vergil', 'des Remedios', '29037 7th Circle', 'vdesremediosa@deliciousdays.com', '886 575 1812', 'https://robohash.org/aliquamharumeius.png?size=200x200&set=set1');
insert into INTERESADO (id, nombre, apellidos, direccion, email, telefono, avatar) values (12, 'Rebeka', 'Cramer', '40443 Garrison Pass', 'rcramerb@indiatimes.com', '373 355 0068', 'https://robohash.org/distinctiodignissimosdolores.png?size=200x200&set=set1');
insert into INTERESADO (id, nombre, apellidos, direccion, email, telefono, avatar) values (13, 'Cathy', 'McAughtrie', '7 Fremont Drive', 'cmcaughtriec@hp.com', '322 385 4199', 'https://robohash.org/rerumullameos.png?size=200x200&set=set1');
insert into INTERESADO (id, nombre, apellidos, direccion, email, telefono, avatar) values (14, 'Karrah', 'Lias', '48595 Monterey Court', 'kliasd@gizmodo.com', '783 579 5284', 'https://robohash.org/expeditatemporamolestias.png?size=200x200&set=set1');
insert into INTERESADO (id, nombre, apellidos, direccion, email, telefono, avatar) values (15, 'Mirella', 'Bedder', '86 Bashford Drive', 'mbeddere@ebay.co.uk', '732 456 0634', 'https://robohash.org/estetmagni.png?size=200x200&set=set1');
insert into INTERESADO (id, nombre, apellidos, direccion, email, telefono, avatar) values (16, 'Kati', 'Petrovykh', '5 Glacier Hill Point', 'kpetrovykhf@msu.edu', '148 350 2283', 'https://robohash.org/etevenietnostrum.png?size=200x200&set=set1');
insert into INTERESADO (id, nombre, apellidos, direccion, email, telefono, avatar) values (17, 'Gustave', 'Szymonwicz', '3196 School Road', 'gszymonwiczg@blog.com', '860 102 0046', 'https://robohash.org/quiaetiusto.png?size=200x200&set=set1');
insert into INTERESADO (id, nombre, apellidos, direccion, email, telefono, avatar) values (18, 'Carey', 'Filipczynski', '9 Walton Street', 'cfilipczynskih@fc2.com', '355 585 0928', 'https://robohash.org/enimmolestiaeerror.png?size=200x200&set=set1');
insert into INTERESADO (id, nombre, apellidos, direccion, email, telefono, avatar) values (19, 'Demetris', 'Beards', '9612 Clemons Street', 'dbeardsi@boston.com', '333 846 9708', 'https://robohash.org/nonblanditiisbeatae.png?size=200x200&set=set1');




insert into INTERESA (VIVIENDA_ID, INTERESADO_ID) values (16, 2);
insert into INTERESA (VIVIENDA_ID, INTERESADO_ID) values (16, 1);
insert into INTERESA (VIVIENDA_ID, INTERESADO_ID) values (16, 3);
insert into INTERESA (VIVIENDA_ID, INTERESADO_ID) values (16, 4);
insert into INTERESA (VIVIENDA_ID, INTERESADO_ID) values (20, 1);
insert into INTERESA (VIVIENDA_ID, INTERESADO_ID) values (20, 2);
insert into INTERESA (VIVIENDA_ID, INTERESADO_ID) values (20, 3);
insert into INTERESA (VIVIENDA_ID, INTERESADO_ID) values (34, 4);
insert into INTERESA (VIVIENDA_ID, INTERESADO_ID) values (34, 5);
insert into INTERESA (VIVIENDA_ID, INTERESADO_ID) values (26, 6);
insert into INTERESA (VIVIENDA_ID, INTERESADO_ID) values (26, 7);
insert into INTERESA (VIVIENDA_ID, INTERESADO_ID) values (20, 8);
insert into INTERESA (VIVIENDA_ID, INTERESADO_ID) values (20, 9);
insert into INTERESA (VIVIENDA_ID, INTERESADO_ID) values (23, 10);
insert into INTERESA (VIVIENDA_ID, INTERESADO_ID) values (23, 11);
insert into INTERESA (VIVIENDA_ID, INTERESADO_ID) values (34, 12);
insert into INTERESA (VIVIENDA_ID, INTERESADO_ID) values (34, 13);
insert into INTERESA (VIVIENDA_ID, INTERESADO_ID) values (34, 14);
insert into INTERESA (VIVIENDA_ID, INTERESADO_ID) values (25, 2);
insert into INTERESA (VIVIENDA_ID, INTERESADO_ID) values (18, 19);
insert into INTERESA (VIVIENDA_ID, INTERESADO_ID) values (34, 18);


